{"cameraMode":{"drawMode":0,"name":"Shaded","section":"Shading Mode"},"sceneLighting":true,"audioPlay":false,"sceneViewState":{"m_AlwaysRefresh":false,"showFog":true,"showSkybox":true,"showFlares":true,"showImageEffects":true,"showParticleSystems":true,"showVisualEffectGraphs":true,"m_FxEnabled":true},"in2DMode":false,"pivot":{"x":-21.447948455810548,"y":-3.394641160964966,"z":12.96242618560791},"rotation":{"x":0.3759044408798218,"y":-0.036167774349451068,"z":0.014687255024909974,"w":0.9259579181671143},"size":14.217232704162598,"orthographic":false}