{"cameraMode":{"drawMode":0,"name":"Shaded","section":"Shading Mode"},"sceneLighting":true,"audioPlay":false,"sceneViewState":{"m_AlwaysRefresh":false,"showFog":true,"showSkybox":true,"showFlares":true,"showImageEffects":true,"showParticleSystems":true,"showVisualEffectGraphs":true,"m_FxEnabled":true},"in2DMode":false,"pivot":{"x":-10.789566040039063,"y":-16.633487701416017,"z":-28.509855270385743},"rotation":{"x":-0.050362735986709598,"y":0.9475184679031372,"z":-0.2533895671367645,"w":-0.18832483887672425},"size":19.040040969848634,"orthographic":false}